/*
SQLyog Ultimate v11.11 (64 bit)
MySQL - 5.5.5-10.4.32-MariaDB : Database - sitea4
*********************************************************************
*/

/*!40101 SET NAMES utf8 */;

/*!40101 SET SQL_MODE=''*/;

/*!40014 SET @OLD_UNIQUE_CHECKS=@@UNIQUE_CHECKS, UNIQUE_CHECKS=0 */;
/*!40014 SET @OLD_FOREIGN_KEY_CHECKS=@@FOREIGN_KEY_CHECKS, FOREIGN_KEY_CHECKS=0 */;
/*!40101 SET @OLD_SQL_MODE=@@SQL_MODE, SQL_MODE='NO_AUTO_VALUE_ON_ZERO' */;
/*!40111 SET @OLD_SQL_NOTES=@@SQL_NOTES, SQL_NOTES=0 */;
CREATE DATABASE /*!32312 IF NOT EXISTS*/`sitea4` /*!40100 DEFAULT CHARACTER SET utf8mb4 COLLATE utf8mb4_general_ci */;

USE `sitea4`;

/*Table structure for table `actividad_clase` */

DROP TABLE IF EXISTS `actividad_clase`;

CREATE TABLE `actividad_clase` (
  `ID_ACTIVIDAD_CLASE` int(11) NOT NULL AUTO_INCREMENT,
  `PIAR_CODIGO_PIAR` int(15) NOT NULL,
  `PERIODO_ACTIVIDAD_CLASE` varchar(45) DEFAULT NULL,
  `FECHA_ACTIVIDAD_CLASE` date NOT NULL,
  `DUA_ACTIVIDAD_CLASE` varchar(200) DEFAULT NULL,
  `DESCRIPCION_ACTIVIDAD_CLASE` varchar(500) NOT NULL,
  `DIARIO_PEDAGOGICO` varchar(100) DEFAULT NULL,
  PRIMARY KEY (`ID_ACTIVIDAD_CLASE`),
  KEY `PIAR_CODIGO_PIAR` (`PIAR_CODIGO_PIAR`),
  CONSTRAINT `actividad_clase_ibfk_1` FOREIGN KEY (`PIAR_CODIGO_PIAR`) REFERENCES `piar` (`ID_PIAR`)
) ENGINE=InnoDB DEFAULT CHARSET=utf8mb4 COLLATE=utf8mb4_general_ci;

/*Data for the table `actividad_clase` */

LOCK TABLES `actividad_clase` WRITE;

UNLOCK TABLES;

/*Table structure for table `boletin_academico` */

DROP TABLE IF EXISTS `boletin_academico`;

CREATE TABLE `boletin_academico` (
  `ID_BOLETIN_ACADEMICO` int(11) NOT NULL AUTO_INCREMENT,
  `FECHA_BOLETIN` date DEFAULT NULL,
  `PERIODO_BOLETIN` varchar(45) NOT NULL,
  `OBSERVACION_PROF` varchar(45) NOT NULL,
  `ESTADO_BOLETIN` varchar(45) DEFAULT NULL,
  `PROMEDIO` varchar(45) DEFAULT NULL,
  `RECOMENDACIONES` varchar(45) DEFAULT NULL,
  `NOVEDADES_REPORTES_ID_NOVEDADES_REPORTES` int(11) DEFAULT NULL,
  `ESTUDIANTE_ID_ESTUDIANTE` int(11) NOT NULL,
  PRIMARY KEY (`ID_BOLETIN_ACADEMICO`),
  KEY `NOVEDADES_REPORTES_ID_NOVEDADES_REPORTES` (`NOVEDADES_REPORTES_ID_NOVEDADES_REPORTES`),
  KEY `ESTUDIANTE_ID_ESTUDIANTE` (`ESTUDIANTE_ID_ESTUDIANTE`),
  CONSTRAINT `boletin_academico_ibfk_1` FOREIGN KEY (`NOVEDADES_REPORTES_ID_NOVEDADES_REPORTES`) REFERENCES `novedades_reportes` (`ID_NOVEDADES_REPORTES`),
  CONSTRAINT `boletin_academico_ibfk_2` FOREIGN KEY (`ESTUDIANTE_ID_ESTUDIANTE`) REFERENCES `estudiante` (`ID_ESTUDIANTE`)
) ENGINE=InnoDB DEFAULT CHARSET=utf8mb4 COLLATE=utf8mb4_general_ci;

/*Data for the table `boletin_academico` */

LOCK TABLES `boletin_academico` WRITE;

UNLOCK TABLES;

/*Table structure for table `caracterizacion` */

DROP TABLE IF EXISTS `caracterizacion`;

CREATE TABLE `caracterizacion` (
  `ID_CARACTERIZACION` int(11) NOT NULL AUTO_INCREMENT,
  `CODIGO_CARACTERIZACION` varchar(100) NOT NULL,
  `ESTUDIANTE_ID_ESTUDIANTE` int(11) NOT NULL,
  `CONTEXTO_ACADEMICO` varchar(200) NOT NULL,
  `CONTEXTO_FAMILIAR` varchar(200) NOT NULL,
  `CONTEXTO_ESCOLAR` varchar(200) NOT NULL,
  `DIAGNOSTICO` varchar(255) NOT NULL,
  `VALORACION_PEDAGOGICA` varchar(300) NOT NULL,
  `BARRA_DE_APRENDIZAJE` varchar(200) NOT NULL,
  `RECOMENDACIONES` varchar(500) NOT NULL,
  `CORRESPONSABILIDAD` varchar(255) NOT NULL,
  PRIMARY KEY (`ID_CARACTERIZACION`),
  KEY `caracterizacion_ibfk_1` (`ESTUDIANTE_ID_ESTUDIANTE`),
  CONSTRAINT `caracterizacion_ibfk_1` FOREIGN KEY (`ESTUDIANTE_ID_ESTUDIANTE`) REFERENCES `estudiante` (`ID_ESTUDIANTE`) ON DELETE CASCADE ON UPDATE CASCADE
) ENGINE=InnoDB AUTO_INCREMENT=2 DEFAULT CHARSET=utf8mb4 COLLATE=utf8mb4_general_ci;

/*Data for the table `caracterizacion` */

LOCK TABLES `caracterizacion` WRITE;

insert  into `caracterizacion`(`ID_CARACTERIZACION`,`CODIGO_CARACTERIZACION`,`ESTUDIANTE_ID_ESTUDIANTE`,`CONTEXTO_ACADEMICO`,`CONTEXTO_FAMILIAR`,`CONTEXTO_ESCOLAR`,`DIAGNOSTICO`,`VALORACION_PEDAGOGICA`,`BARRA_DE_APRENDIZAJE`,`RECOMENDACIONES`,`CORRESPONSABILIDAD`) values (1,'20051445552',1,'bajo','apoyo','bajo','TDA','PIAR','CONTEXTUAL','PIAR PARA TODAS','FIRMADA');

UNLOCK TABLES;

/*Table structure for table `estrategias_educativas` */

DROP TABLE IF EXISTS `estrategias_educativas`;

CREATE TABLE `estrategias_educativas` (
  `ID_ESTRATEGIAS_EDUCATIVAS` int(11) NOT NULL AUTO_INCREMENT,
  `CODIGO_ESTRATEGIAS_EDUCATIVAS` varchar(45) NOT NULL,
  `TIPO_ESTRATEGIAS_EDUCATIVAS` varchar(45) NOT NULL,
  `DESCRIPCION_ESTRATEGIA` varchar(300) NOT NULL,
  `HERRAMIENTAS_ESTRATEGIA` varchar(100) NOT NULL,
  PRIMARY KEY (`ID_ESTRATEGIAS_EDUCATIVAS`)
) ENGINE=InnoDB DEFAULT CHARSET=utf8mb4 COLLATE=utf8mb4_general_ci;

/*Data for the table `estrategias_educativas` */

LOCK TABLES `estrategias_educativas` WRITE;

UNLOCK TABLES;

/*Table structure for table `estudiante` */

DROP TABLE IF EXISTS `estudiante`;

CREATE TABLE `estudiante` (
  `ID_ESTUDIANTE` int(11) NOT NULL AUTO_INCREMENT,
  `NUMERO_DOCUMENTO_ESTUDIANTE` varchar(20) NOT NULL,
  `PRIMER_NOMBRE_ESTUDIANTE` varchar(45) NOT NULL,
  `SEGUNDO_NOMBRE_ESTUDIANTE` varchar(45) DEFAULT NULL,
  `PRIMER_APELLIDO_ESTUDIANTE` varchar(45) NOT NULL,
  `SEGUNDO_APELLIDO_ESTUDIANTE` varchar(45) DEFAULT NULL,
  `FECHA_NACIMIENTO` date NOT NULL,
  `TELEFONO_ESTUDIANTE` varchar(20) DEFAULT NULL,
  `DIRECCION_ESTUDIANTE` varchar(45) NOT NULL,
  `CORREO_INSTITUCIONAL_ESTUDIANTE` varchar(45) NOT NULL,
  `FOTOGRAFIA_ESTUDIANTE` varchar(300) DEFAULT NULL,
  `numero_documento_padre` varchar(45) DEFAULT NULL,
  `TIPO_DOCUMENTO_ID_TIPO_DOCUMENTO` int(11) NOT NULL,
  `GRADO_ID_GRADO` int(11) DEFAULT NULL,
  PRIMARY KEY (`ID_ESTUDIANTE`),
  KEY `GRADO_ID_GRADO` (`GRADO_ID_GRADO`),
  KEY `TIPO_DOCUMENTO_ID_TIPO_DOCUMENTO` (`TIPO_DOCUMENTO_ID_TIPO_DOCUMENTO`),
  CONSTRAINT `FK_ESTUDIANTE_GRADO` FOREIGN KEY (`GRADO_ID_GRADO`) REFERENCES `grado` (`ID_GRADO`) ON DELETE CASCADE ON UPDATE CASCADE,
  CONSTRAINT `FK_ESTUDIANTE_TIPO_DOCUMENTO_ESTUDIANTE` FOREIGN KEY (`TIPO_DOCUMENTO_ID_TIPO_DOCUMENTO`) REFERENCES `tipo_documento` (`ID_TIPO_DOCUMENTO`)
) ENGINE=InnoDB AUTO_INCREMENT=3 DEFAULT CHARSET=utf8mb4 COLLATE=utf8mb4_general_ci;

/*Data for the table `estudiante` */

LOCK TABLES `estudiante` WRITE;

insert  into `estudiante`(`ID_ESTUDIANTE`,`NUMERO_DOCUMENTO_ESTUDIANTE`,`PRIMER_NOMBRE_ESTUDIANTE`,`SEGUNDO_NOMBRE_ESTUDIANTE`,`PRIMER_APELLIDO_ESTUDIANTE`,`SEGUNDO_APELLIDO_ESTUDIANTE`,`FECHA_NACIMIENTO`,`TELEFONO_ESTUDIANTE`,`DIRECCION_ESTUDIANTE`,`CORREO_INSTITUCIONAL_ESTUDIANTE`,`FOTOGRAFIA_ESTUDIANTE`,`numero_documento_padre`,`TIPO_DOCUMENTO_ID_TIPO_DOCUMENTO`,`GRADO_ID_GRADO`) values (1,'123456789','JUAN','FELIPE','CARDENAS','BONILLA','0000-00-00','3158102827','CALLE 12','cardenas@itirr.edu.co',NULL,'11058934726',4,6),(2,'1145325465','SARAY','ALEJANDRA','CORREALES','CARREÑO','2019-02-15','3157894562','Centro','saraycorreales@gmail.com',NULL,'1048792632',4,NULL);

UNLOCK TABLES;

/*Table structure for table `estudiante_has_trastorno` */

DROP TABLE IF EXISTS `estudiante_has_trastorno`;

CREATE TABLE `estudiante_has_trastorno` (
  `ID_ESTUDIANTE_has_TRASTORNO` int(11) NOT NULL AUTO_INCREMENT,
  `ESTUDIANTE_ID_ESTUDIANTE` int(11) NOT NULL,
  `TRASTORNO_ID_TRASTORNO` int(11) NOT NULL,
  PRIMARY KEY (`ID_ESTUDIANTE_has_TRASTORNO`),
  KEY `ESTUDIANTE_ID_ESTUDIANTE` (`ESTUDIANTE_ID_ESTUDIANTE`),
  KEY `TRASTORNO_ID_TRASTORNO` (`TRASTORNO_ID_TRASTORNO`),
  CONSTRAINT `estudiante_has_trastorno_ibfk_1` FOREIGN KEY (`ESTUDIANTE_ID_ESTUDIANTE`) REFERENCES `estudiante` (`ID_ESTUDIANTE`),
  CONSTRAINT `estudiante_has_trastorno_ibfk_2` FOREIGN KEY (`TRASTORNO_ID_TRASTORNO`) REFERENCES `trastorno` (`ID_TRASTORNO`)
) ENGINE=InnoDB DEFAULT CHARSET=utf8mb4 COLLATE=utf8mb4_general_ci;

/*Data for the table `estudiante_has_trastorno` */

LOCK TABLES `estudiante_has_trastorno` WRITE;

UNLOCK TABLES;

/*Table structure for table `evaluacion` */

DROP TABLE IF EXISTS `evaluacion`;

CREATE TABLE `evaluacion` (
  `ID_EVALUACION` int(11) NOT NULL AUTO_INCREMENT,
  `CUALITATIVA_EVALUACION` varchar(45) NOT NULL,
  `CUANTITATIVA_EVALUACION` varchar(45) NOT NULL,
  `CRITERIOS EVALUACION` varchar(45) NOT NULL,
  `EVALUACION_ESTRATEGIA` varchar(45) NOT NULL,
  `BOLETIN_ACADEMICO_ID_BOLETIN_ACADEMICO` int(11) NOT NULL,
  `PIAR_SEGUIMIENTO_EVALUATIVO` int(11) NOT NULL,
  PRIMARY KEY (`ID_EVALUACION`),
  KEY `BOLETIN_ACADEMICO_ID_BOLETIN_ACADEMICO` (`BOLETIN_ACADEMICO_ID_BOLETIN_ACADEMICO`),
  KEY `PIAR_SEGUIMIENTO_EVALUATIVO` (`PIAR_SEGUIMIENTO_EVALUATIVO`),
  CONSTRAINT `evaluacion_ibfk_1` FOREIGN KEY (`PIAR_SEGUIMIENTO_EVALUATIVO`) REFERENCES `piar` (`SEGUIMIENTO_EVALUATIVO`) ON DELETE CASCADE ON UPDATE CASCADE,
  CONSTRAINT `evaluacion_ibfk_2` FOREIGN KEY (`BOLETIN_ACADEMICO_ID_BOLETIN_ACADEMICO`) REFERENCES `boletin_academico` (`ID_BOLETIN_ACADEMICO`)
) ENGINE=InnoDB DEFAULT CHARSET=utf8mb4 COLLATE=utf8mb4_general_ci;

/*Data for the table `evaluacion` */

LOCK TABLES `evaluacion` WRITE;

UNLOCK TABLES;

/*Table structure for table `fecha_registro` */

DROP TABLE IF EXISTS `fecha_registro`;

CREATE TABLE `fecha_registro` (
  `ID_FECHA_REGISTRO` int(11) NOT NULL AUTO_INCREMENT,
  `CREACION_REGISTRO` date DEFAULT NULL,
  `ACTUALIZACION_REGISTRO` date DEFAULT NULL,
  PRIMARY KEY (`ID_FECHA_REGISTRO`)
) ENGINE=InnoDB DEFAULT CHARSET=utf8mb4 COLLATE=utf8mb4_general_ci;

/*Data for the table `fecha_registro` */

LOCK TABLES `fecha_registro` WRITE;

UNLOCK TABLES;

/*Table structure for table `grado` */

DROP TABLE IF EXISTS `grado`;

CREATE TABLE `grado` (
  `ID_GRADO` int(11) NOT NULL AUTO_INCREMENT,
  `CODIGO_GRADO` varchar(10) NOT NULL,
  `CANTIDAD_ESTUDIANTES` int(11) NOT NULL,
  `INSTITUCION_ID_INSTITUCION` int(11) NOT NULL,
  PRIMARY KEY (`ID_GRADO`),
  KEY `INSTITUCION_ID_INSTITUCION` (`INSTITUCION_ID_INSTITUCION`),
  CONSTRAINT `grado_ibfk_2` FOREIGN KEY (`INSTITUCION_ID_INSTITUCION`) REFERENCES `institucion` (`ID_INSTITUCION`)
) ENGINE=InnoDB AUTO_INCREMENT=23 DEFAULT CHARSET=utf8mb4 COLLATE=utf8mb4_general_ci;

/*Data for the table `grado` */

LOCK TABLES `grado` WRITE;

insert  into `grado`(`ID_GRADO`,`CODIGO_GRADO`,`CANTIDAD_ESTUDIANTES`,`INSTITUCION_ID_INSTITUCION`) values (1,'001',25,1),(2,'002',26,1),(3,'003',25,1),(4,'004',20,1),(5,'101',30,1),(6,'102',31,1),(7,'103',31,1),(9,'104',35,1),(10,'201',30,1),(11,'202',31,1),(12,'203',31,1),(13,'204',33,1),(14,'301',30,1),(15,'302',32,1),(16,'303',31,1),(17,'304',30,1),(18,'401',33,1),(19,'402',35,1),(21,'403',34,1),(22,'404',33,1);

UNLOCK TABLES;

/*Table structure for table `grado_materia` */

DROP TABLE IF EXISTS `grado_materia`;

CREATE TABLE `grado_materia` (
  `ID_GRADO_MATERIA` int(11) NOT NULL AUTO_INCREMENT,
  `GRADO_ID_GRADO` int(11) NOT NULL,
  `MATERIA_ID_MATERIA` int(11) NOT NULL,
  PRIMARY KEY (`ID_GRADO_MATERIA`),
  KEY `GRADO_ID_GRADO` (`GRADO_ID_GRADO`),
  KEY `MATERIA_ID_MATERIA` (`MATERIA_ID_MATERIA`),
  CONSTRAINT `grado_materia_ibfk_1` FOREIGN KEY (`GRADO_ID_GRADO`) REFERENCES `grado` (`ID_GRADO`) ON DELETE CASCADE ON UPDATE CASCADE,
  CONSTRAINT `grado_materia_ibfk_2` FOREIGN KEY (`MATERIA_ID_MATERIA`) REFERENCES `materia` (`ID_MATERIA`) ON DELETE CASCADE ON UPDATE CASCADE
) ENGINE=InnoDB AUTO_INCREMENT=3 DEFAULT CHARSET=utf8mb4 COLLATE=utf8mb4_general_ci;

/*Data for the table `grado_materia` */

LOCK TABLES `grado_materia` WRITE;

insert  into `grado_materia`(`ID_GRADO_MATERIA`,`GRADO_ID_GRADO`,`MATERIA_ID_MATERIA`) values (1,5,1),(2,6,1);

UNLOCK TABLES;

/*Table structure for table `institucion` */

DROP TABLE IF EXISTS `institucion`;

CREATE TABLE `institucion` (
  `ID_INSTITUCION` int(11) NOT NULL AUTO_INCREMENT,
  `NOMBRE_INSTITUCION` varchar(150) NOT NULL,
  `NIT_INSTITUCION` varchar(45) NOT NULL,
  `CORREO_INSTITUCION` varchar(45) NOT NULL,
  `TELEFONO_INSTITUCION` varchar(45) NOT NULL,
  `DIRECCION_INSTITUCION` varchar(150) NOT NULL,
  PRIMARY KEY (`ID_INSTITUCION`)
) ENGINE=InnoDB AUTO_INCREMENT=2 DEFAULT CHARSET=utf8mb4 COLLATE=utf8mb4_general_ci;

/*Data for the table `institucion` */

LOCK TABLES `institucion` WRITE;

insert  into `institucion`(`ID_INSTITUCION`,`NOMBRE_INSTITUCION`,`NIT_INSTITUCION`,`CORREO_INSTITUCION`,`TELEFONO_INSTITUCION`,`DIRECCION_INSTITUCION`) values (1,'INSTITUTO TÉCNICO INDUSTRIAL RAFAEL REYES','123456789','itirr@itirr.edu.co','5607640','Barrio La Paz');

UNLOCK TABLES;

/*Table structure for table `materia` */

DROP TABLE IF EXISTS `materia`;

CREATE TABLE `materia` (
  `ID_MATERIA` int(11) NOT NULL,
  `CODIGO_MATERIA` varchar(45) NOT NULL,
  `NOMBRE_MATERIA` varchar(45) NOT NULL,
  `DESCRIPCION_MATERIA` varchar(250) NOT NULL,
  `PLAN_MATERIA` varchar(500) NOT NULL,
  PRIMARY KEY (`ID_MATERIA`)
) ENGINE=InnoDB DEFAULT CHARSET=utf8mb4 COLLATE=utf8mb4_general_ci;

/*Data for the table `materia` */

LOCK TABLES `materia` WRITE;

insert  into `materia`(`ID_MATERIA`,`CODIGO_MATERIA`,`NOMBRE_MATERIA`,`DESCRIPCION_MATERIA`,`PLAN_MATERIA`) values (1,'M01','MATEMATICAS','MATEMATICAS PRIMERO','PDF'),(2,'S01','SOCIALES','SOCIALES PRIMERO','PDF');

UNLOCK TABLES;

/*Table structure for table `matricula` */

DROP TABLE IF EXISTS `matricula`;

CREATE TABLE `matricula` (
  `ID_MATRICULA` int(11) NOT NULL AUTO_INCREMENT,
  `CODIGO_MATRICULA` varchar(45) NOT NULL,
  `VALOR_MATRICULA` decimal(10,2) NOT NULL,
  `FECHA_MATRICULA` date NOT NULL,
  `JORNADA` enum('MAÑANA','TARDE','UNICA') NOT NULL,
  `INSTITUCION_ID_INSTITUCION` int(11) NOT NULL,
  `ESTUDIANTE_ID_ESTUDIANTE` int(11) NOT NULL,
  `FECHA_REGISTRO_ID_FECHA_REGISTRO` int(11) DEFAULT NULL,
  PRIMARY KEY (`ID_MATRICULA`),
  KEY `INSTITUCION_ID_INSTITUCION` (`INSTITUCION_ID_INSTITUCION`),
  KEY `FECHA_REGISTRO_ID_FECHA_REGISTRO` (`FECHA_REGISTRO_ID_FECHA_REGISTRO`),
  KEY `ESTUDIANTE_ID_ESTUDIANTE` (`ESTUDIANTE_ID_ESTUDIANTE`),
  CONSTRAINT `FK_MATRICULA_FECHA` FOREIGN KEY (`FECHA_REGISTRO_ID_FECHA_REGISTRO`) REFERENCES `fecha_registro` (`ID_FECHA_REGISTRO`) ON DELETE CASCADE ON UPDATE CASCADE,
  CONSTRAINT `matricula_ibfk_1` FOREIGN KEY (`INSTITUCION_ID_INSTITUCION`) REFERENCES `institucion` (`ID_INSTITUCION`),
  CONSTRAINT `matricula_ibfk_2` FOREIGN KEY (`ESTUDIANTE_ID_ESTUDIANTE`) REFERENCES `estudiante` (`ID_ESTUDIANTE`)
) ENGINE=InnoDB AUTO_INCREMENT=2 DEFAULT CHARSET=utf8mb4 COLLATE=utf8mb4_general_ci;

/*Data for the table `matricula` */

LOCK TABLES `matricula` WRITE;

insert  into `matricula`(`ID_MATRICULA`,`CODIGO_MATRICULA`,`VALOR_MATRICULA`,`FECHA_MATRICULA`,`JORNADA`,`INSTITUCION_ID_INSTITUCION`,`ESTUDIANTE_ID_ESTUDIANTE`,`FECHA_REGISTRO_ID_FECHA_REGISTRO`) values (1,'202521001545',200000.00,'2025-02-03','UNICA',1,1,NULL);

UNLOCK TABLES;

/*Table structure for table `novedades_reportes` */

DROP TABLE IF EXISTS `novedades_reportes`;

CREATE TABLE `novedades_reportes` (
  `ID_NOVEDADES_REPORTES` int(11) NOT NULL AUTO_INCREMENT,
  `FECHA_NOVEDADES_REPORTES` date NOT NULL,
  `NUMERO_DOCUMENTO_ESTUDIANTE` varchar(45) NOT NULL,
  `ACCIONES_NOVEDADES_REPORTES` varchar(100) DEFAULT NULL,
  `TIPO_NOVEDADES_REPORTES` enum('Académica','Conductual','Médica','Psicológica','NuevoEstudianteTEA','Otra') NOT NULL,
  `DESCRIPCION_NOVEDADES_REPORTES` varchar(200) DEFAULT NULL,
  `ESTADO_NOVEDADES_REPORTES` enum('Para reportar','Pendiente','En proceso','Resuelto') NOT NULL DEFAULT 'Pendiente',
  `PRIORIDAD` enum('Alta','Media','Baja') NOT NULL,
  `USUARIOS_ID_USUARIO` int(11) NOT NULL,
  PRIMARY KEY (`ID_NOVEDADES_REPORTES`),
  KEY `USUARIOS_ID_USUARIO` (`USUARIOS_ID_USUARIO`),
  CONSTRAINT `NOVEDADES_REPORTES_ibfk_1` FOREIGN KEY (`USUARIOS_ID_USUARIO`) REFERENCES `usuarios` (`ID_USUARIO`)
) ENGINE=InnoDB DEFAULT CHARSET=utf8mb4 COLLATE=utf8mb4_general_ci;

/*Data for the table `novedades_reportes` */

LOCK TABLES `novedades_reportes` WRITE;

UNLOCK TABLES;

/*Table structure for table `piar` */

DROP TABLE IF EXISTS `piar`;

CREATE TABLE `piar` (
  `ID_PIAR` int(11) NOT NULL AUTO_INCREMENT,
  `CODIGO_PIAR` varchar(45) NOT NULL,
  `PERIODO` varchar(45) NOT NULL,
  `EVALUACION` varchar(200) NOT NULL,
  `DBA` varchar(200) NOT NULL,
  `BARRA_DE_APRENDIZAJE` varchar(200) NOT NULL,
  `FLEXIBILIZACION` varchar(45) NOT NULL,
  `ESTUDIANTE_ID_ESTUDIANTE` int(11) NOT NULL,
  `SEGUIMIENTO_EVALUATIVO` int(11) DEFAULT NULL,
  PRIMARY KEY (`ID_PIAR`),
  KEY `ESTUDIANTE_ID_ESTUDIANTE` (`ESTUDIANTE_ID_ESTUDIANTE`),
  KEY `SEGUIMIENTO_EVALUATIVO` (`SEGUIMIENTO_EVALUATIVO`),
  CONSTRAINT `piar_ibfk_1` FOREIGN KEY (`ESTUDIANTE_ID_ESTUDIANTE`) REFERENCES `estudiante` (`ID_ESTUDIANTE`) ON DELETE CASCADE
) ENGINE=InnoDB AUTO_INCREMENT=2 DEFAULT CHARSET=utf8mb4 COLLATE=utf8mb4_general_ci;

/*Data for the table `piar` */

LOCK TABLES `piar` WRITE;

insert  into `piar`(`ID_PIAR`,`CODIGO_PIAR`,`PERIODO`,`EVALUACION`,`DBA`,`BARRA_DE_APRENDIZAJE`,`FLEXIBILIZACION`,`ESTUDIANTE_ID_ESTUDIANTE`,`SEGUIMIENTO_EVALUATIVO`) values (1,'20250110211','01','Se emplea dba 1 flexibilizado','1','contextual','Utilizacion de tics',1,NULL);

UNLOCK TABLES;

/*Table structure for table `piar_has_estrategias_educativas` */

DROP TABLE IF EXISTS `piar_has_estrategias_educativas`;

CREATE TABLE `piar_has_estrategias_educativas` (
  `CODIGO_PIAR_has_ESTRATEGIAS_EDUCATIVAS` int(45) NOT NULL AUTO_INCREMENT,
  `PIAR_ID_PIAR` int(11) NOT NULL,
  `ESTRATEGIAS_EDUCATIVAS_ID_ESTRATEGIAS_EDUCATIVAS` int(11) NOT NULL,
  `EVALUACIÓN_ESTRATEGIA` varchar(45) NOT NULL,
  PRIMARY KEY (`CODIGO_PIAR_has_ESTRATEGIAS_EDUCATIVAS`),
  KEY `PIAR_ID_PIAR` (`PIAR_ID_PIAR`),
  KEY `ESTRATEGIAS_EDUCATIVAS_ID_ESTRATEGIAS_EDUCATIVAS` (`ESTRATEGIAS_EDUCATIVAS_ID_ESTRATEGIAS_EDUCATIVAS`),
  CONSTRAINT `piar_has_estrategias_educativas_ibfk_1` FOREIGN KEY (`PIAR_ID_PIAR`) REFERENCES `piar` (`ID_PIAR`),
  CONSTRAINT `piar_has_estrategias_educativas_ibfk_2` FOREIGN KEY (`ESTRATEGIAS_EDUCATIVAS_ID_ESTRATEGIAS_EDUCATIVAS`) REFERENCES `estrategias_educativas` (`ID_ESTRATEGIAS_EDUCATIVAS`)
) ENGINE=InnoDB DEFAULT CHARSET=utf8mb4 COLLATE=utf8mb4_general_ci;

/*Data for the table `piar_has_estrategias_educativas` */

LOCK TABLES `piar_has_estrategias_educativas` WRITE;

UNLOCK TABLES;

/*Table structure for table `protocolos_rutas` */

DROP TABLE IF EXISTS `protocolos_rutas`;

CREATE TABLE `protocolos_rutas` (
  `ID_PROTOCOLOS_RUTAS` int(11) NOT NULL AUTO_INCREMENT,
  `NOMBRE_PROTOCOLOS_RUTAS` varchar(45) NOT NULL,
  `DESCRIPCION_PROTOCOLOS_RUTAS` text NOT NULL,
  `TIPO_PROTOCOLOS_RUTAS` enum('Emergencia','Seguimiento','Psicológico','Otro') NOT NULL,
  `PASOS_PROTOCOLOS_RUTAS` text NOT NULL,
  `RESPONSABLE_PROTOCOLOS_RUTAS` varchar(100) NOT NULL,
  `ESTADO_PROTOCOLOS_RUTAS` enum('Activo','En proceso','Cerrrado') NOT NULL,
  `NOVEDADES_REPORTES_ID_NOVEDADES_REPORTES` int(11) NOT NULL,
  PRIMARY KEY (`ID_PROTOCOLOS_RUTAS`),
  KEY `NOVEDADES_REPORTES_ID_NOVEDADES_REPORTES` (`NOVEDADES_REPORTES_ID_NOVEDADES_REPORTES`),
  CONSTRAINT `protocolos_rutas_ibfk_1` FOREIGN KEY (`NOVEDADES_REPORTES_ID_NOVEDADES_REPORTES`) REFERENCES `novedades_reportes` (`ID_NOVEDADES_REPORTES`)
) ENGINE=InnoDB DEFAULT CHARSET=utf8mb4 COLLATE=utf8mb4_general_ci;

/*Data for the table `protocolos_rutas` */

LOCK TABLES `protocolos_rutas` WRITE;

UNLOCK TABLES;

/*Table structure for table `representante_legal` */

DROP TABLE IF EXISTS `representante_legal`;

CREATE TABLE `representante_legal` (
  `ID_REPRESENTANTE_LEGAL` int(11) NOT NULL AUTO_INCREMENT,
  `NOMBRE_REPRESENTANTE_LEGAL` varchar(45) NOT NULL,
  `DOCUMENTO_REPRESENTANTE_LEGAL` varchar(20) NOT NULL,
  `TELEFONO_REPRESENTANTE_LEGAL` varchar(45) NOT NULL,
  `CORREO_REPRESENTANTE_LEGAL` varchar(45) NOT NULL,
  `INSTITUCION_ID_INSTITUCION` int(11) NOT NULL,
  PRIMARY KEY (`ID_REPRESENTANTE_LEGAL`),
  KEY `FK_REPRESENTANTE_INSTITUCION` (`INSTITUCION_ID_INSTITUCION`),
  CONSTRAINT `FK_REPRESENTANTE_INSTITUCION` FOREIGN KEY (`INSTITUCION_ID_INSTITUCION`) REFERENCES `institucion` (`ID_INSTITUCION`) ON DELETE CASCADE ON UPDATE CASCADE
) ENGINE=InnoDB AUTO_INCREMENT=2 DEFAULT CHARSET=utf8mb4 COLLATE=utf8mb4_general_ci;

/*Data for the table `representante_legal` */

LOCK TABLES `representante_legal` WRITE;

insert  into `representante_legal`(`ID_REPRESENTANTE_LEGAL`,`NOMBRE_REPRESENTANTE_LEGAL`,`DOCUMENTO_REPRESENTANTE_LEGAL`,`TELEFONO_REPRESENTANTE_LEGAL`,`CORREO_REPRESENTANTE_LEGAL`,`INSTITUCION_ID_INSTITUCION`) values (1,'JOSELIN CAMARGO','7224398','3157894625','josecamargo@itirr.edu.co',1);

UNLOCK TABLES;

/*Table structure for table `rol` */

DROP TABLE IF EXISTS `rol`;

CREATE TABLE `rol` (
  `ID_ROL` int(11) NOT NULL AUTO_INCREMENT,
  `NOMBRE_ROL` varchar(45) NOT NULL,
  PRIMARY KEY (`ID_ROL`)
) ENGINE=InnoDB AUTO_INCREMENT=6 DEFAULT CHARSET=utf8mb4 COLLATE=utf8mb4_general_ci;

/*Data for the table `rol` */

LOCK TABLES `rol` WRITE;

insert  into `rol`(`ID_ROL`,`NOMBRE_ROL`) values (1,'PROFESOR'),(2,'PSICOORIENTADOR'),(3,'PADRE DE FAMILIA'),(4,'ESTUDIANTE'),(5,'ADMINISTRADOR');

UNLOCK TABLES;

/*Table structure for table `tipo_documento` */

DROP TABLE IF EXISTS `tipo_documento`;

CREATE TABLE `tipo_documento` (
  `ID_TIPO_DOCUMENTO` int(11) NOT NULL AUTO_INCREMENT,
  `NOMBRE_TIPO_DOCUMENTO` varchar(45) NOT NULL,
  PRIMARY KEY (`ID_TIPO_DOCUMENTO`)
) ENGINE=InnoDB AUTO_INCREMENT=8 DEFAULT CHARSET=utf8mb4 COLLATE=utf8mb4_general_ci;

/*Data for the table `tipo_documento` */

LOCK TABLES `tipo_documento` WRITE;

insert  into `tipo_documento`(`ID_TIPO_DOCUMENTO`,`NOMBRE_TIPO_DOCUMENTO`) values (1,'CEDULA'),(2,'CEDULA EXTRANJERIA'),(3,'PASAPORTE'),(4,'TARJETA IDENTIDAD'),(5,'REGISTRO CIVIL'),(6,'OTRO'),(7,'NO APORTA');

UNLOCK TABLES;

/*Table structure for table `trastorno` */

DROP TABLE IF EXISTS `trastorno`;

CREATE TABLE `trastorno` (
  `ID_TRASTORNO` int(11) NOT NULL AUTO_INCREMENT,
  `NOMBRE_TRASTORNO` varchar(100) NOT NULL,
  `DESCRIPCIÓN_TRASTORNO` varchar(45) NOT NULL,
  `DIAGNOSTICO_MEDICO_TRASTORNO` varchar(200) DEFAULT NULL,
  PRIMARY KEY (`ID_TRASTORNO`)
) ENGINE=InnoDB AUTO_INCREMENT=7 DEFAULT CHARSET=utf8mb4 COLLATE=utf8mb4_general_ci;

/*Data for the table `trastorno` */

LOCK TABLES `trastorno` WRITE;

insert  into `trastorno`(`ID_TRASTORNO`,`NOMBRE_TRASTORNO`,`DESCRIPCIÓN_TRASTORNO`,`DIAGNOSTICO_MEDICO_TRASTORNO`) values (1,'DISLEXIA','dificultad en la lectura.','DISLEXIA'),(2,'DISGRAFÍA','dificultad en la escritura.',NULL),(3,'DISCALCULIA','dificultad en las matemáticas.',NULL),(4,'TDAH','combinación de problemas persistentes, tales ',NULL),(5,'TDA','dificultades de la persona para sostener su a',NULL),(6,'MULTIPLE','dos o más TEA',NULL);

UNLOCK TABLES;

/*Table structure for table `usuarioprof_has_materia` */

DROP TABLE IF EXISTS `usuarioprof_has_materia`;

CREATE TABLE `usuarioprof_has_materia` (
  `ID_USUARIOPROF_MATERIA` int(11) NOT NULL AUTO_INCREMENT,
  `USUARIOS_ID_USUARIO` int(11) NOT NULL,
  `USUARIOS_ROL_ID_ROL` int(11) NOT NULL,
  `MATERIA_ID_MATERIA` int(11) NOT NULL,
  PRIMARY KEY (`ID_USUARIOPROF_MATERIA`),
  KEY `MATERIA_ID_MATERIA` (`MATERIA_ID_MATERIA`),
  KEY `USUARIOS_ID_USUARIO` (`USUARIOS_ID_USUARIO`),
  KEY `usuarioprof_has_materia_ibfk_3` (`USUARIOS_ROL_ID_ROL`),
  CONSTRAINT `usuarioprof_has_materia_ibfk_1` FOREIGN KEY (`MATERIA_ID_MATERIA`) REFERENCES `materia` (`ID_MATERIA`),
  CONSTRAINT `usuarioprof_has_materia_ibfk_2` FOREIGN KEY (`USUARIOS_ID_USUARIO`) REFERENCES `usuarios` (`ID_USUARIO`),
  CONSTRAINT `usuarioprof_has_materia_ibfk_3` FOREIGN KEY (`USUARIOS_ROL_ID_ROL`) REFERENCES `rol` (`ID_ROL`)
) ENGINE=InnoDB AUTO_INCREMENT=2 DEFAULT CHARSET=utf8mb4 COLLATE=utf8mb4_general_ci;

/*Data for the table `usuarioprof_has_materia` */

LOCK TABLES `usuarioprof_has_materia` WRITE;

insert  into `usuarioprof_has_materia`(`ID_USUARIOPROF_MATERIA`,`USUARIOS_ID_USUARIO`,`USUARIOS_ROL_ID_ROL`,`MATERIA_ID_MATERIA`) values (1,3,1,1);

UNLOCK TABLES;

/*Table structure for table `usuarios` */

DROP TABLE IF EXISTS `usuarios`;

CREATE TABLE `usuarios` (
  `ID_USUARIO` int(11) NOT NULL AUTO_INCREMENT,
  `NUMERO_DOCUMENTO` varchar(20) NOT NULL,
  `PRIMER_NOMBRE` varchar(45) NOT NULL,
  `PRIMER_APELLIDO` varchar(45) NOT NULL,
  `TELEFONO_USUARIO` varchar(45) DEFAULT NULL,
  `DIRECCION_USUARIO` varchar(100) NOT NULL,
  `CORREO_USUARIO` varchar(45) DEFAULT NULL,
  `CORREO_INSTITUCIONAL` varchar(45) DEFAULT NULL,
  `PASSWORD` varchar(255) NOT NULL,
  `ROL_ID_ROL` int(11) NOT NULL,
  `TIPO_DOCUMENTO_ID_TIPO_DOCUMENTO` int(11) NOT NULL,
  `FECHA_REGISTRO_ID_FECHA_REGISTRO` date DEFAULT NULL,
  PRIMARY KEY (`ID_USUARIO`),
  KEY `ROL_ID_ROL` (`ROL_ID_ROL`),
  KEY `TIPO_DOCUMENTO_ID_TIPO_DOCUMENTO` (`TIPO_DOCUMENTO_ID_TIPO_DOCUMENTO`),
  KEY `FECHA_REGISTRO_ID_FECHA_REGISTRO` (`FECHA_REGISTRO_ID_FECHA_REGISTRO`),
  CONSTRAINT `FK_TIPO_DOCUMENTO_USUARIO` FOREIGN KEY (`TIPO_DOCUMENTO_ID_TIPO_DOCUMENTO`) REFERENCES `tipo_documento` (`ID_TIPO_DOCUMENTO`),
  CONSTRAINT `usuarios_ibfk_1` FOREIGN KEY (`ROL_ID_ROL`) REFERENCES `rol` (`ID_ROL`)
) ENGINE=InnoDB AUTO_INCREMENT=8 DEFAULT CHARSET=utf8mb4 COLLATE=utf8mb4_general_ci;

/*Data for the table `usuarios` */

LOCK TABLES `usuarios` WRITE;

insert  into `usuarios`(`ID_USUARIO`,`NUMERO_DOCUMENTO`,`PRIMER_NOMBRE`,`PRIMER_APELLIDO`,`TELEFONO_USUARIO`,`DIRECCION_USUARIO`,`CORREO_USUARIO`,`CORREO_INSTITUCIONAL`,`PASSWORD`,`ROL_ID_ROL`,`TIPO_DOCUMENTO_ID_TIPO_DOCUMENTO`,`FECHA_REGISTRO_ID_FECHA_REGISTRO`) values (1,'1052395145','BRANDON JAHIR','CABRA BULLA',NULL,'',NULL,NULL,'$2y$10$VMna9dPOqPLh.fi3I6c.uuvbEccL9GhhrkgcAl4o.shwEuAnC8HHy',1,1,NULL),(3,'12345678911','SAMUEL','LOPEZ',NULL,'',NULL,NULL,'$2y$10$ACqTrIb/6QJLk.D5rwVpLegsmZcUF2YAEc5.m.PgDodmJRzm7J14m',1,1,NULL),(4,'1052395144','Raul','Garcia',NULL,'',NULL,NULL,'$2y$10$Ul37N./fXUnogwMPeWDXK.2k9lbZqV2WSOZ/2lq.M7i7kz.AoQ0xq',2,1,NULL),(5,'1052395146','ANDREA','GARCIA',NULL,'',NULL,NULL,'$2y$10$QMlnAsWSP.kpA7EMxMA6a.FkJQkRmk0vh4bUplpqz7bnsZEU.Pmry',2,1,NULL),(6,'1052395147','FREDDY','CASTRO',NULL,'',NULL,NULL,'$2y$10$ygQszGDDkNEuTLc4WshHc.eGd1CbCrPIVtI2i2aajqi9AhQLQSAcO',5,1,NULL),(7,'1018477769','SEBASTIAN','MORENO',NULL,'',NULL,NULL,'$2y$10$qEe4DriEDf2VGjyJQ4Bvn.8eS7OTc21j8poQ9t.pwAXzhj3j6ztr6',1,1,NULL);

UNLOCK TABLES;

/*!40101 SET SQL_MODE=@OLD_SQL_MODE */;
/*!40014 SET FOREIGN_KEY_CHECKS=@OLD_FOREIGN_KEY_CHECKS */;
/*!40014 SET UNIQUE_CHECKS=@OLD_UNIQUE_CHECKS */;
/*!40111 SET SQL_NOTES=@OLD_SQL_NOTES */;
